[
  {
    "bootstrapKeys": {
      "bsk_v0": {
        "baseLog": 8,
        "glweDimension": 2,
        "inputSecretKeyID": "small",
        "level": 5,
        "outputSecretKeyID": "big",
        "variance": 9.9409770026943975e-32
      }
    },
    "functionName": "main",
    "inputs": [
      {
        "encryption": {
          "encoding": {
            "crt": [
              11,
              13,
              15,
              16
            ],
            "isSigned": false,
            "precision": 15
          },
          "secretKeyID": "big",
          "variance": 9.9409770026943975e-32
        },
        "shape": {
          "dimensions": [
            1536
          ],
          "sign": false,
          "size": 1536,
          "width": 15
        }
      },
      {
        "encryption": {
          "encoding": {
            "crt": [
              11,
              13,
              15,
              16
            ],
            "isSigned": false,
            "precision": 15
          },
          "secretKeyID": "big",
          "variance": 9.9409770026943975e-32
        },
        "shape": {
          "dimensions": [
            1536
          ],
          "sign": false,
          "size": 1536,
          "width": 15
        }
      },
      {
        "encryption": {
          "encoding": {
            "crt": [
              11,
              13,
              15,
              16
            ],
            "isSigned": false,
            "precision": 15
          },
          "secretKeyID": "big",
          "variance": 9.9409770026943975e-32
        },
        "shape": {
          "dimensions": [
            1536
          ],
          "sign": false,
          "size": 1536,
          "width": 15
        }
      }
    ],
    "keyswitchKeys": {
      "ksk_v0": {
        "baseLog": 2,
        "inputSecretKeyID": "big",
        "level": 7,
        "outputSecretKeyID": "small",
        "variance": 6.0843447344003362e-11
      }
    },
    "outputs": [
      {
        "encryption": {
          "encoding": {
            "crt": [
              11,
              13,
              15,
              16
            ],
            "isSigned": false,
            "precision": 15
          },
          "secretKeyID": "big",
          "variance": 9.9409770026943975e-32
        },
        "shape": {
          "dimensions": [],
          "sign": false,
          "size": 0,
          "width": 15
        }
      }
    ],
    "packingKeys": {
      "fpksk_v0": {
        "baseLog": 17,
        "bootstrapKeyID": "bsk_v0",
        "inputSecretKeyID": "big",
        "level": 2,
        "outputSecretKeyID": "big",
        "variance": 9.9409770026943975e-32
      }
    },
    "secretKeys": {
      "big": {
        "dimension": 2048
      },
      "small": {
        "dimension": 750
      }
    }
  }
]